{
  "total_problems": 18,
  "solved_problems": 13,
  "average_time": 197.3284743759367,
  "total_candidates": 104,
  "by_difficulty": {
    "Easy": {
      "total": 18,
      "solved": 13,
      "solve_rate": 0.7222222222222222
    },
    "Medium": {
      "total": 0,
      "solved": 0,
      "solve_rate": 0
    },
    "Hard": {
      "total": 0,
      "solved": 0,
      "solve_rate": 0
    }
  },
  "solve_rate": 0.7222222222222222,
  "code_eval": {
    "pass@1": 0.7833333333333333,
    "pass@3": 0.5900000000000001,
    "pass@5": 0.6,
    "pass@10": 0.0
  }
}