{
  "total_problems": 10,
  "solved_problems": 1,
  "average_time": 1606.669545197487,
  "total_candidates": 234,
  "by_difficulty": {
    "Easy": {
      "total": 0,
      "solved": 0,
      "solve_rate": 0
    },
    "Medium": {
      "total": 0,
      "solved": 0,
      "solve_rate": 0
    },
    "Hard": {
      "total": 10,
      "solved": 1,
      "solve_rate": 0.1
    }
  },
  "solve_rate": 0.1,
  "code_eval": {
    "pass@1": 0.1563543863543863,
    "pass@3": 0.17110358777025444,
    "pass@5": 0.2593003704114815,
    "pass@10": 0.4070456292678515
  }
}