{
  "total_problems": 10,
  "solved_problems": 2,
  "average_time": 2264.2851969480516,
  "total_candidates": 310,
  "by_difficulty": {
    "Easy": {
      "total": 0,
      "solved": 0,
      "solve_rate": 0
    },
    "Medium": {
      "total": 0,
      "solved": 0,
      "solve_rate": 0
    },
    "Hard": {
      "total": 10,
      "solved": 2,
      "solve_rate": 0.2
    }
  },
  "solve_rate": 0.2,
  "code_eval": {
    "pass@1": 0.21598982098982095,
    "pass@3": 0.3280384930384931,
    "pass@5": 0.363506404295878,
    "pass@10": 0.4258687258687258
  }
}