{
  "total_problems": 18,
  "solved_problems": 13,
  "average_time": 465.89088470406,
  "total_candidates": 201,
  "by_difficulty": {
    "Easy": {
      "total": 18,
      "solved": 13,
      "solve_rate": 0.7222222222222222
    },
    "Medium": {
      "total": 0,
      "solved": 0,
      "solve_rate": 0
    },
    "Hard": {
      "total": 0,
      "solved": 0,
      "solve_rate": 0
    }
  },
  "solve_rate": 0.7222222222222222,
  "code_eval": {
    "pass@1": 0.7759680134680136,
    "pass@3": 0.8578580328368104,
    "pass@5": 0.6394241993994643,
    "pass@10": 0.7020619382966435
  }
}