{
  "total_problems": 18,
  "solved_problems": 13,
  "average_time": 185.69654548168182,
  "total_candidates": 195,
  "by_difficulty": {
    "Easy": {
      "total": 18,
      "solved": 13,
      "solve_rate": 0.7222222222222222
    },
    "Medium": {
      "total": 0,
      "solved": 0,
      "solve_rate": 0
    },
    "Hard": {
      "total": 0,
      "solved": 0,
      "solve_rate": 0
    }
  },
  "solve_rate": 0.7222222222222222,
  "code_eval": {
    "pass@1": 0.7523059542796385,
    "pass@3": 0.8314090020746367,
    "pass@5": 0.4576499094300951,
    "pass@10": 0.5177896406998574
  }
}