{
  "total_problems": 20,
  "solved_problems": 13,
  "average_time": 536.4764577150345,
  "total_candidates": 153,
  "by_difficulty": {
    "Easy": {
      "total": 0,
      "solved": 0,
      "solve_rate": 0
    },
    "Medium": {
      "total": 20,
      "solved": 13,
      "solve_rate": 0.65
    },
    "Hard": {
      "total": 0,
      "solved": 0,
      "solve_rate": 0
    }
  },
  "solve_rate": 0.65,
  "code_eval": {
    "pass@1": 0.6833966861598442,
    "pass@3": 0.46106461477978505,
    "pass@5": 0.5873431693865131,
    "pass@10": 0.6160055745195064
  }
}