{
  "total_problems": 20,
  "solved_problems": 13,
  "average_time": 332.52580280303954,
  "total_candidates": 330,
  "by_difficulty": {
    "Easy": {
      "total": 0,
      "solved": 0,
      "solve_rate": 0
    },
    "Medium": {
      "total": 20,
      "solved": 13,
      "solve_rate": 0.65
    },
    "Hard": {
      "total": 0,
      "solved": 0,
      "solve_rate": 0
    }
  },
  "solve_rate": 0.65,
  "code_eval": {
    "pass@1": 0.5831082443098696,
    "pass@3": 0.7282654034347146,
    "pass@5": 0.6399793586997097,
    "pass@10": 0.7405488325539027
  }
}