{
  "total_problems": 18,
  "solved_problems": 14,
  "average_time": 282.25074587927924,
  "total_candidates": 97,
  "by_difficulty": {
    "Easy": {
      "total": 18,
      "solved": 14,
      "solve_rate": 0.7777777777777778
    },
    "Medium": {
      "total": 0,
      "solved": 0,
      "solve_rate": 0
    },
    "Hard": {
      "total": 0,
      "solved": 0,
      "solve_rate": 0
    }
  },
  "solve_rate": 0.7777777777777778,
  "code_eval": {
    "pass@1": 0.7799771167048055,
    "pass@3": 0.3267266486374038,
    "pass@5": 0.41460370293322235,
    "pass@10": 0.406005131405589
  }
}