{
  "total_problems": 20,
  "solved_problems": 13,
  "average_time": 309.44113357067107,
  "total_candidates": 163,
  "by_difficulty": {
    "Easy": {
      "total": 0,
      "solved": 0,
      "solve_rate": 0
    },
    "Medium": {
      "total": 20,
      "solved": 13,
      "solve_rate": 0.65
    },
    "Hard": {
      "total": 0,
      "solved": 0,
      "solve_rate": 0
    }
  },
  "solve_rate": 0.65,
  "code_eval": {
    "pass@1": 0.7065131578947368,
    "pass@3": 0.37474937343358394,
    "pass@5": 0.489452798663325,
    "pass@10": 0.2598684210526316
  }
}