{
  "total_problems": 10,
  "solved_problems": 1,
  "average_time": 1313.7011365175247,
  "total_candidates": 222,
  "by_difficulty": {
    "Easy": {
      "total": 0,
      "solved": 0,
      "solve_rate": 0
    },
    "Medium": {
      "total": 0,
      "solved": 0,
      "solve_rate": 0
    },
    "Hard": {
      "total": 10,
      "solved": 1,
      "solve_rate": 0.1
    }
  },
  "solve_rate": 0.1,
  "code_eval": {
    "pass@1": 0.05159272825939492,
    "pass@3": 0.144964638153044,
    "pass@5": 0.22674939124214483,
    "pass@10": 0.3911580099985897
  }
}