{
  "total_problems": 20,
  "solved_problems": 10,
  "average_time": 384.70831701755526,
  "total_candidates": 225,
  "by_difficulty": {
    "Easy": {
      "total": 0,
      "solved": 0,
      "solve_rate": 0
    },
    "Medium": {
      "total": 20,
      "solved": 10,
      "solve_rate": 0.5
    },
    "Hard": {
      "total": 0,
      "solved": 0,
      "solve_rate": 0
    }
  },
  "solve_rate": 0.5,
  "code_eval": {
    "pass@1": 0.6176258553274683,
    "pass@3": 0.46151860653251087,
    "pass@5": 0.562714162922728,
    "pass@10": 0.42663144234334444
  }
}