{
  "total_problems": 18,
  "solved_problems": 13,
  "average_time": 300.2031397951974,
  "total_candidates": 109,
  "by_difficulty": {
    "Easy": {
      "total": 18,
      "solved": 13,
      "solve_rate": 0.7222222222222222
    },
    "Medium": {
      "total": 0,
      "solved": 0,
      "solve_rate": 0
    },
    "Hard": {
      "total": 0,
      "solved": 0,
      "solve_rate": 0
    }
  },
  "solve_rate": 0.7222222222222222,
  "code_eval": {
    "pass@1": 0.7648148148148148,
    "pass@3": 0.4416666666666666,
    "pass@5": 0.55,
    "pass@10": 0.3333333333333333
  }
}