{
  "total_problems": 20,
  "solved_problems": 9,
  "average_time": 576.5375698328019,
  "total_candidates": 111,
  "by_difficulty": {
    "Easy": {
      "total": 0,
      "solved": 0,
      "solve_rate": 0
    },
    "Medium": {
      "total": 20,
      "solved": 9,
      "solve_rate": 0.45
    },
    "Hard": {
      "total": 0,
      "solved": 0,
      "solve_rate": 0
    }
  },
  "solve_rate": 0.45,
  "code_eval": {
    "pass@1": 0.6158559276980329,
    "pass@3": 0.6083217584554483,
    "pass@5": 0.7161984628562169,
    "pass@10": 0.6467320261437909
  }
}