{
  "total_problems": 10,
  "solved_problems": 0,
  "average_time": 1261.1148332595826,
  "total_candidates": 310,
  "by_difficulty": {
    "Easy": {
      "total": 0,
      "solved": 0,
      "solve_rate": 0
    },
    "Medium": {
      "total": 0,
      "solved": 0,
      "solve_rate": 0
    },
    "Hard": {
      "total": 10,
      "solved": 0,
      "solve_rate": 0.0
    }
  },
  "solve_rate": 0.0,
  "code_eval": {
    "pass@1": 0.06270562770562774,
    "pass@3": 0.1705194805194805,
    "pass@5": 0.25487012987012986,
    "pass@10": 0.30423280423280424
  }
}