{
  "total_problems": 10,
  "solved_problems": 0,
  "average_time": 995.509448838234,
  "total_candidates": 351,
  "by_difficulty": {
    "Easy": {
      "total": 0,
      "solved": 0,
      "solve_rate": 0
    },
    "Medium": {
      "total": 0,
      "solved": 0,
      "solve_rate": 0
    },
    "Hard": {
      "total": 10,
      "solved": 0,
      "solve_rate": 0.0
    }
  },
  "solve_rate": 0.0,
  "code_eval": {
    "pass@1": 0.08212903225806453,
    "pass@3": 0.2004623011075107,
    "pass@5": 0.2777527702657073,
    "pass@10": 0.38460267743886967
  }
}