{
  "total_problems": 10,
  "solved_problems": 0,
  "average_time": 1643.3507522583009,
  "total_candidates": 154,
  "by_difficulty": {
    "Easy": {
      "total": 0,
      "solved": 0,
      "solve_rate": 0
    },
    "Medium": {
      "total": 0,
      "solved": 0,
      "solve_rate": 0
    },
    "Hard": {
      "total": 10,
      "solved": 0,
      "solve_rate": 0.0
    }
  },
  "solve_rate": 0.0,
  "code_eval": {
    "pass@1": 0.19093434343434343,
    "pass@3": 0.33512506012506005,
    "pass@5": 0.4214165464165464,
    "pass@10": 0.29103535353535354
  }
}