{
  "total_problems": 18,
  "solved_problems": 13,
  "average_time": 415.5960085524453,
  "total_candidates": 96,
  "by_difficulty": {
    "Easy": {
      "total": 18,
      "solved": 13,
      "solve_rate": 0.7222222222222222
    },
    "Medium": {
      "total": 0,
      "solved": 0,
      "solve_rate": 0
    },
    "Hard": {
      "total": 0,
      "solved": 0,
      "solve_rate": 0
    }
  },
  "solve_rate": 0.7222222222222222,
  "code_eval": {
    "pass@1": 0.7280423280423279,
    "pass@3": 0.5427248677248677,
    "pass@5": 0.6940035273368608,
    "pass@10": 0.29761904761904767
  }
}