{
  "total_problems": 20,
  "solved_problems": 15,
  "average_time": 570.1208397984504,
  "total_candidates": 356,
  "by_difficulty": {
    "Easy": {
      "total": 0,
      "solved": 0,
      "solve_rate": 0
    },
    "Medium": {
      "total": 20,
      "solved": 15,
      "solve_rate": 0.75
    },
    "Hard": {
      "total": 0,
      "solved": 0,
      "solve_rate": 0
    }
  },
  "solve_rate": 0.75,
  "code_eval": {
    "pass@1": 0.37992392392392393,
    "pass@3": 0.6266485214909128,
    "pass@5": 0.6987580497227707,
    "pass@10": 0.8392516083854875
  }
}