{
  "total_problems": 10,
  "solved_problems": 0,
  "average_time": 1477.4462368249892,
  "total_candidates": 313,
  "by_difficulty": {
    "Easy": {
      "total": 0,
      "solved": 0,
      "solve_rate": 0
    },
    "Medium": {
      "total": 0,
      "solved": 0,
      "solve_rate": 0
    },
    "Hard": {
      "total": 10,
      "solved": 0,
      "solve_rate": 0.0
    }
  },
  "solve_rate": 0.0,
  "code_eval": {
    "pass@1": 0.09558922558922558,
    "pass@3": 0.20045843045843048,
    "pass@5": 0.2569153069153069,
    "pass@10": 0.2902817347261792
  }
}