{
  "total_problems": 10,
  "solved_problems": 1,
  "average_time": 2258.2822647571566,
  "total_candidates": 266,
  "by_difficulty": {
    "Easy": {
      "total": 0,
      "solved": 0,
      "solve_rate": 0
    },
    "Medium": {
      "total": 0,
      "solved": 0,
      "solve_rate": 0
    },
    "Hard": {
      "total": 10,
      "solved": 1,
      "solve_rate": 0.1
    }
  },
  "solve_rate": 0.1,
  "code_eval": {
    "pass@1": 0.2208735380116959,
    "pass@3": 0.23287968696250427,
    "pass@5": 0.2933806807323319,
    "pass@10": 0.3223872334021328
  }
}