{
  "total_problems": 10,
  "solved_problems": 1,
  "average_time": 2184.8735357522964,
  "total_candidates": 264,
  "by_difficulty": {
    "Easy": {
      "total": 0,
      "solved": 0,
      "solve_rate": 0
    },
    "Medium": {
      "total": 0,
      "solved": 0,
      "solve_rate": 0
    },
    "Hard": {
      "total": 10,
      "solved": 1,
      "solve_rate": 0.1
    }
  },
  "solve_rate": 0.1,
  "code_eval": {
    "pass@1": 0.2198538011695906,
    "pass@3": 0.28513358559798185,
    "pass@5": 0.34712325475999367,
    "pass@10": 0.34253525971792226
  }
}