{
  "total_problems": 20,
  "solved_problems": 15,
  "average_time": 932.4850734233856,
  "total_candidates": 318,
  "by_difficulty": {
    "Easy": {
      "total": 0,
      "solved": 0,
      "solve_rate": 0
    },
    "Medium": {
      "total": 20,
      "solved": 15,
      "solve_rate": 0.75
    },
    "Hard": {
      "total": 0,
      "solved": 0,
      "solve_rate": 0
    }
  },
  "solve_rate": 0.75,
  "code_eval": {
    "pass@1": 0.5374487203589371,
    "pass@3": 0.7227221504543487,
    "pass@5": 0.7097884702930836,
    "pass@10": 0.849847796217052
  }
}