{
  "total_problems": 18,
  "solved_problems": 11,
  "average_time": 223.5719590054618,
  "total_candidates": 123,
  "by_difficulty": {
    "Easy": {
      "total": 18,
      "solved": 11,
      "solve_rate": 0.6111111111111112
    },
    "Medium": {
      "total": 0,
      "solved": 0,
      "solve_rate": 0
    },
    "Hard": {
      "total": 0,
      "solved": 0,
      "solve_rate": 0
    }
  },
  "solve_rate": 0.6111111111111112,
  "code_eval": {
    "pass@1": 0.7117283950617285,
    "pass@3": 0.6091036414565826,
    "pass@5": 0.6414565826330533,
    "pass@10": 0.27233115468409586
  }
}