{
  "total_problems": 18,
  "solved_problems": 13,
  "average_time": 381.1064927313063,
  "total_candidates": 116,
  "by_difficulty": {
    "Easy": {
      "total": 18,
      "solved": 13,
      "solve_rate": 0.7222222222222222
    },
    "Medium": {
      "total": 0,
      "solved": 0,
      "solve_rate": 0
    },
    "Hard": {
      "total": 0,
      "solved": 0,
      "solve_rate": 0
    }
  },
  "solve_rate": 0.7222222222222222,
  "code_eval": {
    "pass@1": 0.7690821256038647,
    "pass@3": 0.4160869565217391,
    "pass@5": 0.4434782608695652,
    "pass@10": 0.14492753623188404
  }
}