{
  "total_problems": 20,
  "solved_problems": 13,
  "average_time": 305.4437053442001,
  "total_candidates": 81,
  "by_difficulty": {
    "Easy": {
      "total": 0,
      "solved": 0,
      "solve_rate": 0
    },
    "Medium": {
      "total": 20,
      "solved": 13,
      "solve_rate": 0.65
    },
    "Hard": {
      "total": 0,
      "solved": 0,
      "solve_rate": 0
    }
  },
  "solve_rate": 0.65,
  "code_eval": {
    "pass@1": 0.7189092295957284,
    "pass@3": 0.6366872523921155,
    "pass@5": 0.805522791600518,
    "pass@10": 0.8025061491207675
  }
}