{
  "total_problems": 18,
  "solved_problems": 15,
  "average_time": 323.8433229393429,
  "total_candidates": 176,
  "by_difficulty": {
    "Easy": {
      "total": 18,
      "solved": 15,
      "solve_rate": 0.8333333333333334
    },
    "Medium": {
      "total": 0,
      "solved": 0,
      "solve_rate": 0
    },
    "Hard": {
      "total": 0,
      "solved": 0,
      "solve_rate": 0
    }
  },
  "solve_rate": 0.8333333333333334,
  "code_eval": {
    "pass@1": 0.7616442199775534,
    "pass@3": 0.8117691562842917,
    "pass@5": 0.5104640839396526,
    "pass@10": 0.7058762294258323
  }
}