{
  "total_problems": 20,
  "solved_problems": 12,
  "average_time": 316.9414081335068,
  "total_candidates": 134,
  "by_difficulty": {
    "Easy": {
      "total": 0,
      "solved": 0,
      "solve_rate": 0
    },
    "Medium": {
      "total": 20,
      "solved": 12,
      "solve_rate": 0.6
    },
    "Hard": {
      "total": 0,
      "solved": 0,
      "solve_rate": 0
    }
  },
  "solve_rate": 0.6,
  "code_eval": {
    "pass@1": 0.6870833333333333,
    "pass@3": 0.7273622089411563,
    "pass@5": 0.8165572069080841,
    "pass@10": 0.7261904761904762
  }
}